#,Title,Type,Demo Report,Target Audience,Business Value Theme,Key Hook (first 15 sec),AI Role,Lean Six Sigma Application
1,Put a Face to the Name — Building Your AI Community in Microsoft Teams,Series Intro,None (Teams UI walkthrough),All Staff,Establish psychological safety and social presence for the AI learning community; reduce anonymity that inhibits participation,"Before we talk about AI — let's make sure your teammates can see you.",None — this is a human-first video; intentionally positions the series as people-powered and AI-assisted rather than AI-replacing,"Define phase: Establishing the community of practice is the project charter moment — who are the stakeholders, what is the team's shared purpose, and how will improvement ideas flow? A named, visible team is a prerequisite for a functional SIPOC"
2,Spot Fraud Before It Happens,DMQ Demo,K-Means Cluster,"Fraud Analysts, SIU",Reduce improper payments; prioritize top 2–5% of claims for audit,What if your system flagged fraud before you paid the claim?,"Unsupervised ML (K-Means) groups claims by billing behavior patterns — no labeled fraud examples needed; human investigator reviews flagged clusters","Analyze phase (DMAIC): Cluster output stratifies the defect population by process segment; focuses root-cause analysis on the highest-density anomaly cluster"
3,What's Hiding in Your Data?,DMQ Demo,Correlation Matrix,"Program Integrity, Data Scientists",Turn unknown risk signals into validated audit flags in hours,A correlation no analyst had ever noticed — found in seconds.,"Statistical AI (Pearson correlation) surfaces hidden variable relationships at scale; analyst converts top findings into new detection rules","Measure + Analyze phases: Pearson correlation quantifies process input (X) to output (Y) relationships; strong correlations feed the regression model in the Improve phase"
4,Track Every Dollar Over Time,DMQ Demo,Time Series Explorer,"Compliance Officers, Finance",Replace 3 ad-hoc SAS runs with one chart click,See a reimbursement spike as it happens — not six months later.,"Anomaly detection via statistical baselines (mean/median/IQR fences); running-minimum algorithm flags process regressions automatically","Control phase (DMAIC): Time series with control lines is an SPC chart; running-minimum tracks Cpk improvement; IQR spikes are assignable-cause signals requiring CAPA response"
5,Understanding Claim Distributions,DMQ Demo,Box Plot + Histogram,"Claims Processors, Actuaries",Defensible statistical basis for pre-payment edits,Is this provider's billing normal — or is it an outlier?,"Descriptive statistics + IQR outlier fencing quantify normal provider behavior; output is auditable evidence for pre-payment edits and provider education","Measure phase: Box plots display process spread vs. peer benchmarks; histogram shape determines which LSS hypothesis test applies in the Analyze phase"
6,What AI Actually Does in Healthcare,AI Awareness,K-Means (reference),All Staff,"Build accurate mental model; support OIG human-oversight requirements","AI doesn't decide fraud. Here's what it actually does.","AI as decision-support, not decision-maker — model surfaces candidates, human makes the call; covers supervised vs. unsupervised distinction","Define phase: Frames AI as a SIPOC tool mapping Suppliers, Inputs, Process, Outputs, and Customers; reinforces that AI accelerates DMAIC but does not replace structured problem-solving"
7,Explainable AI — Why the Black Box Isn't Enough,AI Awareness,"Correlation Matrix + Box Plot (reference)","Legal, Compliance, MACs",XAI as a compliance requirement for appeals and demand letters,If your model can't explain why — you can't defend it in court.,"SHAP values and feature importance make model outputs interpretable; statistical charts serve as human-readable evidence in ALJ hearings","Measure + Control phases: Explainability outputs function as MSA — they validate the model is measuring the right Xs; required for a Control Plan that survives regulatory audit"
8,Generative AI in Claims Operations Right Now,AI Awareness,None (conceptual),"Operations, Non-technical Staff",Cut demand letter drafting from 4 hours to 15 minutes,Natural language queries on 50M claims — no SQL required.,"LLMs draft provider letters from audit findings, summarize medical records into structured fields, and translate plain-English questions into SQL queries","Improve phase: Generative AI eliminates non-value-added steps a Value Stream Map would classify as muda; cycle time reduction from 4 hrs to 15 min is a quantifiable DPMO/throughput improvement"
9,Mining the Public Voice — AI Summarization of Regulations.gov Comments,AI Awareness,None (conceptual),"Policy Analysts, Regulatory Affairs, CMS Rulemaking Staff",Reduce manual comment review burden; surface stakeholder consensus and dissent on proposed Medicare rules faster,CMS received 80,000 comments on that rule. AI read all of them overnight.,"LLMs perform topic modeling, sentiment classification, and extractive/abstractive summarization across thousands of unstructured public comments; clusters comments by theme and flags high-priority dissent for analyst review","Define + Analyze phases: Comment clustering maps the Voice of the Customer (VOC) — a core LSS input to the Define phase; sentiment trends quantify which process pain points are most cited, feeding directly into a DMAIC problem statement and fishbone diagram"
